Project,Filename,Suggested Alt Text
"Caringbah Pavilion Carbon Fibre Reinforcement","hero.jpg","Wide-angle view of Carbon Fibre Reinforcement project at Caringbah Pavilion Carbon Fibre Reinforcement"
"Caringbah Pavilion Carbon Fibre Reinforcement","featured.jpg","Close-up detail of Carbon Fibre Reinforcement work at Caringbah Pavilion Carbon Fibre Reinforcement"
"Caringbah Pavilion Carbon Fibre Reinforcement","thumbnail.jpg","Carbon Fibre Reinforcement project thumbnail for Caringbah Pavilion Carbon Fibre Reinforcement"
"Caringbah Pavilion Carbon Fibre Reinforcement","before-01.jpg","Before Carbon Fibre Reinforcement: Original condition at Caringbah Pavilion Carbon Fibre Reinforcement"
"Caringbah Pavilion Carbon Fibre Reinforcement","after-01.jpg","After Carbon Fibre Reinforcement: Completed work at Caringbah Pavilion Carbon Fibre Reinforcement"
"Caringbah Pavilion Carbon Fibre Reinforcement","gallery-01.jpg","Carbon Fibre Reinforcement in progress at Caringbah Pavilion Carbon Fibre Reinforcement"
"Caringbah Pavilion Carbon Fibre Reinforcement","gallery-02.jpg","Carbon Fibre Reinforcement in progress at Caringbah Pavilion Carbon Fibre Reinforcement"
"Caringbah Pavilion Carbon Fibre Reinforcement","gallery-03.jpg","Carbon Fibre Reinforcement in progress at Caringbah Pavilion Carbon Fibre Reinforcement"
"Caringbah Pavilion Carbon Fibre Reinforcement","gallery-04.jpg","Carbon Fibre Reinforcement in progress at Caringbah Pavilion Carbon Fibre Reinforcement"
"Caringbah Pavilion Carbon Fibre Reinforcement","gallery-05.jpg","Carbon Fibre Reinforcement in progress at Caringbah Pavilion Carbon Fibre Reinforcement"
"Caringbah Pavilion Carbon Fibre Reinforcement","gallery-06.jpg","Carbon Fibre Reinforcement in progress at Caringbah Pavilion Carbon Fibre Reinforcement"
"Structural Remediation - 54 Advanced Street Schofields","hero.jpg","Wide-angle view of Structural Remediation project at Structural Remediation - 54 Advanced Street Schofields"
"Structural Remediation - 54 Advanced Street Schofields","featured.jpg","Close-up detail of Structural Remediation work at Structural Remediation - 54 Advanced Street Schofields"
"Structural Remediation - 54 Advanced Street Schofields","thumbnail.jpg","Structural Remediation project thumbnail for Structural Remediation - 54 Advanced Street Schofields"
"Structural Remediation - 54 Advanced Street Schofields","before-01.jpg","Before Structural Remediation: Original condition at Structural Remediation - 54 Advanced Street Schofields"
"Structural Remediation - 54 Advanced Street Schofields","after-01.jpg","After Structural Remediation: Completed work at Structural Remediation - 54 Advanced Street Schofields"
"Structural Remediation - 54 Advanced Street Schofields","gallery-01.jpg","Structural Remediation in progress at Structural Remediation - 54 Advanced Street Schofields"
"Structural Remediation - 54 Advanced Street Schofields","gallery-02.jpg","Structural Remediation in progress at Structural Remediation - 54 Advanced Street Schofields"
"Structural Remediation - 54 Advanced Street Schofields","gallery-03.jpg","Structural Remediation in progress at Structural Remediation - 54 Advanced Street Schofields"
"Structural Remediation - 54 Advanced Street Schofields","gallery-04.jpg","Structural Remediation in progress at Structural Remediation - 54 Advanced Street Schofields"
"Structural Remediation - 54 Advanced Street Schofields","gallery-05.jpg","Structural Remediation in progress at Structural Remediation - 54 Advanced Street Schofields"
"Structural Remediation - 54 Advanced Street Schofields","gallery-06.jpg","Structural Remediation in progress at Structural Remediation - 54 Advanced Street Schofields"
"Structural Remediation - 54 Advanced Street Schofields","gallery-07.jpg","Structural Remediation in progress at Structural Remediation - 54 Advanced Street Schofields"
"Structural Remediation - 54 Advanced Street Schofields","gallery-08.jpg","Structural Remediation in progress at Structural Remediation - 54 Advanced Street Schofields"
"Curtain Wall Injection - Enfield","hero.jpg","Wide-angle view of Curtain Wall Crack Injection project at Curtain Wall Injection - Enfield"
"Curtain Wall Injection - Enfield","featured.jpg","Close-up detail of Curtain Wall Crack Injection work at Curtain Wall Injection - Enfield"
"Curtain Wall Injection - Enfield","thumbnail.jpg","Curtain Wall Crack Injection project thumbnail for Curtain Wall Injection - Enfield"
"Curtain Wall Injection - Enfield","before-01.jpg","Before Curtain Wall Crack Injection: Original condition at Curtain Wall Injection - Enfield"
"Curtain Wall Injection - Enfield","after-01.jpg","After Curtain Wall Crack Injection: Completed work at Curtain Wall Injection - Enfield"
"Curtain Wall Injection - Enfield","gallery-01.jpg","Curtain Wall Crack Injection in progress at Curtain Wall Injection - Enfield"
"Curtain Wall Injection - Enfield","gallery-02.jpg","Curtain Wall Crack Injection in progress at Curtain Wall Injection - Enfield"
"Curtain Wall Injection - Enfield","gallery-03.jpg","Curtain Wall Crack Injection in progress at Curtain Wall Injection - Enfield"
"Curtain Wall Injection - Enfield","gallery-04.jpg","Curtain Wall Crack Injection in progress at Curtain Wall Injection - Enfield"
"Curtain Wall Injection - Enfield","gallery-05.jpg","Curtain Wall Crack Injection in progress at Curtain Wall Injection - Enfield"
"Curtain Wall Injection - Enfield","gallery-06.jpg","Curtain Wall Crack Injection in progress at Curtain Wall Injection - Enfield"
"Waitara Multi-Service Remediation","hero.jpg","Wide-angle view of Slab Injection & Steel Reinforcing project at Waitara Multi-Service Remediation"
"Waitara Multi-Service Remediation","featured.jpg","Close-up detail of Slab Injection & Steel Reinforcing work at Waitara Multi-Service Remediation"
"Waitara Multi-Service Remediation","thumbnail.jpg","Slab Injection & Steel Reinforcing project thumbnail for Waitara Multi-Service Remediation"
"Waitara Multi-Service Remediation","before-01.jpg","Before Slab Injection & Steel Reinforcing: Original condition at Waitara Multi-Service Remediation"
"Waitara Multi-Service Remediation","after-01.jpg","After Slab Injection & Steel Reinforcing: Completed work at Waitara Multi-Service Remediation"
"Waitara Multi-Service Remediation","gallery-01.jpg","Slab Injection & Steel Reinforcing in progress at Waitara Multi-Service Remediation"
"Waitara Multi-Service Remediation","gallery-02.jpg","Slab Injection & Steel Reinforcing in progress at Waitara Multi-Service Remediation"
"Waitara Multi-Service Remediation","gallery-03.jpg","Slab Injection & Steel Reinforcing in progress at Waitara Multi-Service Remediation"
"Waitara Multi-Service Remediation","gallery-04.jpg","Slab Injection & Steel Reinforcing in progress at Waitara Multi-Service Remediation"
"Waitara Multi-Service Remediation","gallery-05.jpg","Slab Injection & Steel Reinforcing in progress at Waitara Multi-Service Remediation"
"Waitara Multi-Service Remediation","gallery-06.jpg","Slab Injection & Steel Reinforcing in progress at Waitara Multi-Service Remediation"
"Waitara Multi-Service Remediation","gallery-07.jpg","Slab Injection & Steel Reinforcing in progress at Waitara Multi-Service Remediation"
"Northbridge Structural Wall Repairs","hero.jpg","Wide-angle view of Structural Wall Repairs project at Northbridge Structural Wall Repairs"
"Northbridge Structural Wall Repairs","featured.jpg","Close-up detail of Structural Wall Repairs work at Northbridge Structural Wall Repairs"
"Northbridge Structural Wall Repairs","thumbnail.jpg","Structural Wall Repairs project thumbnail for Northbridge Structural Wall Repairs"
"Northbridge Structural Wall Repairs","before-01.jpg","Before Structural Wall Repairs: Original condition at Northbridge Structural Wall Repairs"
"Northbridge Structural Wall Repairs","after-01.jpg","After Structural Wall Repairs: Completed work at Northbridge Structural Wall Repairs"
"Northbridge Structural Wall Repairs","gallery-01.jpg","Structural Wall Repairs in progress at Northbridge Structural Wall Repairs"
"Northbridge Structural Wall Repairs","gallery-02.jpg","Structural Wall Repairs in progress at Northbridge Structural Wall Repairs"
"Northbridge Structural Wall Repairs","gallery-03.jpg","Structural Wall Repairs in progress at Northbridge Structural Wall Repairs"
"Northbridge Structural Wall Repairs","gallery-04.jpg","Structural Wall Repairs in progress at Northbridge Structural Wall Repairs"
"Northbridge Structural Wall Repairs","gallery-05.jpg","Structural Wall Repairs in progress at Northbridge Structural Wall Repairs"
"Northbridge Structural Wall Repairs","gallery-06.jpg","Structural Wall Repairs in progress at Northbridge Structural Wall Repairs"
"Northbridge Structural Wall Repairs","gallery-07.jpg","Structural Wall Repairs in progress at Northbridge Structural Wall Repairs"
"Northbridge Structural Wall Repairs","gallery-08.jpg","Structural Wall Repairs in progress at Northbridge Structural Wall Repairs"
"Northbridge Structural Wall Repairs","gallery-09.jpg","Structural Wall Repairs in progress at Northbridge Structural Wall Repairs"
"Rouse Hill Slab Scanning - Post-Tension Truncation","hero.jpg","Wide-angle view of Slab Scanning (GPR) project at Rouse Hill Slab Scanning - Post-Tension Truncation"
"Rouse Hill Slab Scanning - Post-Tension Truncation","featured.jpg","Close-up detail of Slab Scanning (GPR) work at Rouse Hill Slab Scanning - Post-Tension Truncation"
"Rouse Hill Slab Scanning - Post-Tension Truncation","thumbnail.jpg","Slab Scanning (GPR) project thumbnail for Rouse Hill Slab Scanning - Post-Tension Truncation"
"Rouse Hill Slab Scanning - Post-Tension Truncation","before-01.jpg","Before Slab Scanning (GPR): Original condition at Rouse Hill Slab Scanning - Post-Tension Truncation"
"Rouse Hill Slab Scanning - Post-Tension Truncation","after-01.jpg","After Slab Scanning (GPR): Completed work at Rouse Hill Slab Scanning - Post-Tension Truncation"
"Rouse Hill Slab Scanning - Post-Tension Truncation","gallery-01.jpg","Slab Scanning (GPR) in progress at Rouse Hill Slab Scanning - Post-Tension Truncation"
"Rouse Hill Slab Scanning - Post-Tension Truncation","gallery-02.jpg","Slab Scanning (GPR) in progress at Rouse Hill Slab Scanning - Post-Tension Truncation"
"Rouse Hill Slab Scanning - Post-Tension Truncation","gallery-03.jpg","Slab Scanning (GPR) in progress at Rouse Hill Slab Scanning - Post-Tension Truncation"
"Rouse Hill Slab Scanning - Post-Tension Truncation","gallery-04.jpg","Slab Scanning (GPR) in progress at Rouse Hill Slab Scanning - Post-Tension Truncation"
"Rouse Hill Slab Scanning - Post-Tension Truncation","gallery-05.jpg","Slab Scanning (GPR) in progress at Rouse Hill Slab Scanning - Post-Tension Truncation"
"Rouse Hill Slab Scanning - Post-Tension Truncation","gallery-06.jpg","Slab Scanning (GPR) in progress at Rouse Hill Slab Scanning - Post-Tension Truncation"
"Rouse Hill Slab Scanning - Post-Tension Truncation","gallery-07.jpg","Slab Scanning (GPR) in progress at Rouse Hill Slab Scanning - Post-Tension Truncation"
"Pelican Road Schofields - Residential Estate Remediation","hero.jpg","Wide-angle view of Comprehensive Crack Injection & Repairs project at Pelican Road Schofields - Residential Estate Remediation"
"Pelican Road Schofields - Residential Estate Remediation","featured.jpg","Close-up detail of Comprehensive Crack Injection & Repairs work at Pelican Road Schofields - Residential Estate Remediation"
"Pelican Road Schofields - Residential Estate Remediation","thumbnail.jpg","Comprehensive Crack Injection & Repairs project thumbnail for Pelican Road Schofields - Residential Estate Remediation"
"Pelican Road Schofields - Residential Estate Remediation","before-01.jpg","Before Comprehensive Crack Injection & Repairs: Original condition at Pelican Road Schofields - Residential Estate Remediation"
"Pelican Road Schofields - Residential Estate Remediation","after-01.jpg","After Comprehensive Crack Injection & Repairs: Completed work at Pelican Road Schofields - Residential Estate Remediation"
"Pelican Road Schofields - Residential Estate Remediation","gallery-01.jpg","Comprehensive Crack Injection & Repairs in progress at Pelican Road Schofields - Residential Estate Remediation"
"Pelican Road Schofields - Residential Estate Remediation","gallery-02.jpg","Comprehensive Crack Injection & Repairs in progress at Pelican Road Schofields - Residential Estate Remediation"
"Pelican Road Schofields - Residential Estate Remediation","gallery-03.jpg","Comprehensive Crack Injection & Repairs in progress at Pelican Road Schofields - Residential Estate Remediation"
"Pelican Road Schofields - Residential Estate Remediation","gallery-04.jpg","Comprehensive Crack Injection & Repairs in progress at Pelican Road Schofields - Residential Estate Remediation"
"Pelican Road Schofields - Residential Estate Remediation","gallery-05.jpg","Comprehensive Crack Injection & Repairs in progress at Pelican Road Schofields - Residential Estate Remediation"
"Pelican Road Schofields - Residential Estate Remediation","gallery-06.jpg","Comprehensive Crack Injection & Repairs in progress at Pelican Road Schofields - Residential Estate Remediation"
"Marsden Park Development - Structural Wall Works","hero.jpg","Wide-angle view of Structural Wall Repairs & Injection project at Marsden Park Development - Structural Wall Works"
"Marsden Park Development - Structural Wall Works","featured.jpg","Close-up detail of Structural Wall Repairs & Injection work at Marsden Park Development - Structural Wall Works"
"Marsden Park Development - Structural Wall Works","thumbnail.jpg","Structural Wall Repairs & Injection project thumbnail for Marsden Park Development - Structural Wall Works"
"Marsden Park Development - Structural Wall Works","before-01.jpg","Before Structural Wall Repairs & Injection: Original condition at Marsden Park Development - Structural Wall Works"
"Marsden Park Development - Structural Wall Works","after-01.jpg","After Structural Wall Repairs & Injection: Completed work at Marsden Park Development - Structural Wall Works"
"Marsden Park Development - Structural Wall Works","gallery-01.jpg","Structural Wall Repairs & Injection in progress at Marsden Park Development - Structural Wall Works"
"Marsden Park Development - Structural Wall Works","gallery-02.jpg","Structural Wall Repairs & Injection in progress at Marsden Park Development - Structural Wall Works"
"Marsden Park Development - Structural Wall Works","gallery-03.jpg","Structural Wall Repairs & Injection in progress at Marsden Park Development - Structural Wall Works"
"Marsden Park Development - Structural Wall Works","gallery-04.jpg","Structural Wall Repairs & Injection in progress at Marsden Park Development - Structural Wall Works"
"Jacaranda Construction Joints Repairs","hero.jpg","Wide-angle view of Construction Joints Repairs project at Jacaranda Construction Joints Repairs"
"Jacaranda Construction Joints Repairs","featured.jpg","Close-up detail of Construction Joints Repairs work at Jacaranda Construction Joints Repairs"
"Jacaranda Construction Joints Repairs","thumbnail.jpg","Construction Joints Repairs project thumbnail for Jacaranda Construction Joints Repairs"
"Jacaranda Construction Joints Repairs","before-01.jpg","Before Construction Joints Repairs: Original condition at Jacaranda Construction Joints Repairs"
"Jacaranda Construction Joints Repairs","after-01.jpg","After Construction Joints Repairs: Completed work at Jacaranda Construction Joints Repairs"
"Jacaranda Construction Joints Repairs","gallery-01.jpg","Construction Joints Repairs in progress at Jacaranda Construction Joints Repairs"
"Jacaranda Construction Joints Repairs","gallery-02.jpg","Construction Joints Repairs in progress at Jacaranda Construction Joints Repairs"
"Jacaranda Construction Joints Repairs","gallery-03.jpg","Construction Joints Repairs in progress at Jacaranda Construction Joints Repairs"
"Pemulwuy Suspended Slab Crack Injection","hero.jpg","Wide-angle view of Suspended Slab Crack Injection project at Pemulwuy Suspended Slab Crack Injection"
"Pemulwuy Suspended Slab Crack Injection","featured.jpg","Close-up detail of Suspended Slab Crack Injection work at Pemulwuy Suspended Slab Crack Injection"
"Pemulwuy Suspended Slab Crack Injection","thumbnail.jpg","Suspended Slab Crack Injection project thumbnail for Pemulwuy Suspended Slab Crack Injection"
"Pemulwuy Suspended Slab Crack Injection","before-01.jpg","Before Suspended Slab Crack Injection: Original condition at Pemulwuy Suspended Slab Crack Injection"
"Pemulwuy Suspended Slab Crack Injection","after-01.jpg","After Suspended Slab Crack Injection: Completed work at Pemulwuy Suspended Slab Crack Injection"
"Pemulwuy Suspended Slab Crack Injection","gallery-01.jpg","Suspended Slab Crack Injection in progress at Pemulwuy Suspended Slab Crack Injection"
"Pemulwuy Suspended Slab Crack Injection","gallery-02.jpg","Suspended Slab Crack Injection in progress at Pemulwuy Suspended Slab Crack Injection"
"Pemulwuy Suspended Slab Crack Injection","gallery-03.jpg","Suspended Slab Crack Injection in progress at Pemulwuy Suspended Slab Crack Injection"
"Florence & Capri Complex - Structural Alterations","hero.jpg","Wide-angle view of Structural Alterations project at Florence & Capri Complex - Structural Alterations"
"Florence & Capri Complex - Structural Alterations","featured.jpg","Close-up detail of Structural Alterations work at Florence & Capri Complex - Structural Alterations"
"Florence & Capri Complex - Structural Alterations","thumbnail.jpg","Structural Alterations project thumbnail for Florence & Capri Complex - Structural Alterations"
"Florence & Capri Complex - Structural Alterations","before-01.jpg","Before Structural Alterations: Original condition at Florence & Capri Complex - Structural Alterations"
"Florence & Capri Complex - Structural Alterations","after-01.jpg","After Structural Alterations: Completed work at Florence & Capri Complex - Structural Alterations"
"Florence & Capri Complex - Structural Alterations","gallery-01.jpg","Structural Alterations in progress at Florence & Capri Complex - Structural Alterations"
"Florence & Capri Complex - Structural Alterations","gallery-02.jpg","Structural Alterations in progress at Florence & Capri Complex - Structural Alterations"
"Florence & Capri Complex - Structural Alterations","gallery-03.jpg","Structural Alterations in progress at Florence & Capri Complex - Structural Alterations"
"Zetland Surelock System Installation","hero.jpg","Wide-angle view of Temporary Moving Joints (Surelock) project at Zetland Surelock System Installation"
"Zetland Surelock System Installation","featured.jpg","Close-up detail of Temporary Moving Joints (Surelock) work at Zetland Surelock System Installation"
"Zetland Surelock System Installation","thumbnail.jpg","Temporary Moving Joints (Surelock) project thumbnail for Zetland Surelock System Installation"
"Zetland Surelock System Installation","before-01.jpg","Before Temporary Moving Joints (Surelock): Original condition at Zetland Surelock System Installation"
"Zetland Surelock System Installation","after-01.jpg","After Temporary Moving Joints (Surelock): Completed work at Zetland Surelock System Installation"
"Zetland Surelock System Installation","gallery-01.jpg","Temporary Moving Joints (Surelock) in progress at Zetland Surelock System Installation"
"Zetland Surelock System Installation","gallery-02.jpg","Temporary Moving Joints (Surelock) in progress at Zetland Surelock System Installation"
"Zetland Surelock System Installation","gallery-03.jpg","Temporary Moving Joints (Surelock) in progress at Zetland Surelock System Installation"